{"loss": [3.408576726913452], "accuracy": [0.12627550959587097]}